client_id	path	sentence_id	sentence	sentence_domain	up_votes	down_votes	age	gender	accents	variant	locale	segment
b8b64b238172873aa5b51b92f7135664c16d7d384dfc382cfd4982747c53e541032fe83b770400225720f551fcb2a9b273a351e01ed6297908140cc7cae79ded	common_voice_gej_43321238.mp3	57f2866c6125cf42bb5f14b47fa666dbc1e8d6753853021146622a86eed3567c	Ka ve ci wo eto.		1	1					gej	
b8b64b238172873aa5b51b92f7135664c16d7d384dfc382cfd4982747c53e541032fe83b770400225720f551fcb2a9b273a351e01ed6297908140cc7cae79ded	common_voice_gej_43321244.mp3	59b7c7b91b23d956816aeb20fc439b99a17e392314069417fe92977ea8385b01	Devikpakpla.		1	1					gej	
b8b64b238172873aa5b51b92f7135664c16d7d384dfc382cfd4982747c53e541032fe83b770400225720f551fcb2a9b273a351e01ed6297908140cc7cae79ded	common_voice_gej_43321290.mp3	2784c423369df648a216961de01ab19a5a8363d39aec4fb6b3932690ae4806ff	Klogo.		1	1					gej	
b8b64b238172873aa5b51b92f7135664c16d7d384dfc382cfd4982747c53e541032fe83b770400225720f551fcb2a9b273a351e01ed6297908140cc7cae79ded	common_voice_gej_43321596.mp3	b8de2d723f411b4106d3ab826d72e9a29319380ec7a027ea8a88e7f127a4dc4a	Wuivoasidekegoa.		1	1					gej	
b8b64b238172873aa5b51b92f7135664c16d7d384dfc382cfd4982747c53e541032fe83b770400225720f551fcb2a9b273a351e01ed6297908140cc7cae79ded	common_voice_gej_43321627.mp3	2a5991d67dc255e067166bd23dfad69783a3a4cea3a885e4e7cab516a7f39bde	Do le ve wo.		1	1					gej	
b8b64b238172873aa5b51b92f7135664c16d7d384dfc382cfd4982747c53e541032fe83b770400225720f551fcb2a9b273a351e01ed6297908140cc7cae79ded	common_voice_gej_43321674.mp3	4c9fb17b76e385666cc19559885988a94362b386bb51df147f9c5e164dab8626	Wo ye nyi ape sika, ape klosalo ape nu sia nu.		1	1					gej	
b8b64b238172873aa5b51b92f7135664c16d7d384dfc382cfd4982747c53e541032fe83b770400225720f551fcb2a9b273a351e01ed6297908140cc7cae79ded	common_voice_gej_43321715.mp3	5bd16757106afd3302b552dc2a114cd19d3ca656ea42cf07ca54677c1cab9d60	Ka takpo ci ade.		1	1					gej	
b8b64b238172873aa5b51b92f7135664c16d7d384dfc382cfd4982747c53e541032fe83b770400225720f551fcb2a9b273a351e01ed6297908140cc7cae79ded	common_voice_gej_43321743.mp3	36ebd8a165f484e0db00ac40d8a86ee985d4dadbae7d01c1748eb1753459f09a	Saxe fu.		1	1					gej	
b8b64b238172873aa5b51b92f7135664c16d7d384dfc382cfd4982747c53e541032fe83b770400225720f551fcb2a9b273a351e01ed6297908140cc7cae79ded	common_voice_gej_43321744.mp3	22bfec5e3c65d04b05133efaef1dc590b80b9941f272b0e149492aae97e630de	E gba nu.		1	1					gej	
b8b64b238172873aa5b51b92f7135664c16d7d384dfc382cfd4982747c53e541032fe83b770400225720f551fcb2a9b273a351e01ed6297908140cc7cae79ded	common_voice_gej_43321906.mp3	38b75dcb4d6f89ab19402b0bac23af2bc086d8f1d335524be87bab91206b93ff	Asusino.		1	1					gej	
b8b64b238172873aa5b51b92f7135664c16d7d384dfc382cfd4982747c53e541032fe83b770400225720f551fcb2a9b273a351e01ed6297908140cc7cae79ded	common_voice_gej_43321914.mp3	07091396129ee50bdad61f7a3def58fb2a1908a8eac08a7eb5728437783f127a	Koklo fu.		1	1					gej	
b8b64b238172873aa5b51b92f7135664c16d7d384dfc382cfd4982747c53e541032fe83b770400225720f551fcb2a9b273a351e01ed6297908140cc7cae79ded	common_voice_gej_43321919.mp3	2626561419fb9e360750e85c1e4938e6325eba12ff90f85a3ea89a8f922e9bcd	Ata sime mi le.		1	1					gej	
b8b64b238172873aa5b51b92f7135664c16d7d384dfc382cfd4982747c53e541032fe83b770400225720f551fcb2a9b273a351e01ed6297908140cc7cae79ded	common_voice_gej_43321946.mp3	317b1e9d37a10bc913cd7a4b0a53b315cddfef0472b35d77f806424b8c326e33	Adregoa.		1	1					gej	
b8b64b238172873aa5b51b92f7135664c16d7d384dfc382cfd4982747c53e541032fe83b770400225720f551fcb2a9b273a351e01ed6297908140cc7cae79ded	common_voice_gej_43321985.mp3	60b91eacaef38f5c9386ceb163d8111ab78881e38784ab797665ca1122316ac5	Atawui.		1	1					gej	
b8b64b238172873aa5b51b92f7135664c16d7d384dfc382cfd4982747c53e541032fe83b770400225720f551fcb2a9b273a351e01ed6297908140cc7cae79ded	common_voice_gej_43321987.mp3	52b71d3015ff425661510346676caf921513e1c8297060d8fe5bd91b961929f6	Gbo desi.		1	1					gej	
b8b64b238172873aa5b51b92f7135664c16d7d384dfc382cfd4982747c53e541032fe83b770400225720f551fcb2a9b273a351e01ed6297908140cc7cae79ded	common_voice_gej_43321988.mp3	13ed0da1f4f6043365aa3a9575c0e1b417776e1e0e3924ed87d31ad3f42cae5d	Fa.		1	1					gej	
b8b64b238172873aa5b51b92f7135664c16d7d384dfc382cfd4982747c53e541032fe83b770400225720f551fcb2a9b273a351e01ed6297908140cc7cae79ded	common_voice_gej_43322077.mp3	49e8b8a69bf66bc3e48f35ed20cb38f8a7a9ff8afe4df50f70795a26cc2fd293	Tu fe.		1	1					gej	
b8b64b238172873aa5b51b92f7135664c16d7d384dfc382cfd4982747c53e541032fe83b770400225720f551fcb2a9b273a351e01ed6297908140cc7cae79ded	common_voice_gej_43322102.mp3	5651e3702abe4398fffb75dc8739cbb6b743aa421eead8c7978f69055fc5059c	Ke ba kobe na mu a nguto ye le nyi be vi a folivi zo do eji be ye la do gbe ne a etutui.		1	1					gej	
b8b64b238172873aa5b51b92f7135664c16d7d384dfc382cfd4982747c53e541032fe83b770400225720f551fcb2a9b273a351e01ed6297908140cc7cae79ded	common_voice_gej_43322105.mp3	753247b5adab21fb5f301827fb4bde0c7df33aa9caac419c6b71c6db44378754	Do aka.		1	1					gej	
b8b64b238172873aa5b51b92f7135664c16d7d384dfc382cfd4982747c53e541032fe83b770400225720f551fcb2a9b273a351e01ed6297908140cc7cae79ded	common_voice_gej_43322132.mp3	416dba982cb3f5b9cee463ec6e28541b3e6071a43a1a91fb20fef24fb8c6e359	Adavato kpame.		1	1					gej	
b8b64b238172873aa5b51b92f7135664c16d7d384dfc382cfd4982747c53e541032fe83b770400225720f551fcb2a9b273a351e01ed6297908140cc7cae79ded	common_voice_gej_43322147.mp3	2ec5c4d02b92480470cb977f0c15a64f6b6a3c4a5d27236c8ab46bc2d608293a	Agblexo.		1	1					gej	
b8b64b238172873aa5b51b92f7135664c16d7d384dfc382cfd4982747c53e541032fe83b770400225720f551fcb2a9b273a351e01ed6297908140cc7cae79ded	common_voice_gej_43322149.mp3	70ca076d6e5487404c122adbb778d923dfc3569c72250321d24e44916126ee89	Adegbe.		1	1					gej	
b8b64b238172873aa5b51b92f7135664c16d7d384dfc382cfd4982747c53e541032fe83b770400225720f551fcb2a9b273a351e01ed6297908140cc7cae79ded	common_voice_gej_43322164.mp3	346db194c53b3059d115eeb13fd6756247ff691fddab3abfe894df0363a506cd	Dohwi a e la va:		1	1					gej	
